/*
MySQL Backup
Source Server Version: 5.1.73
Source Database: healthreport
Date: 2016-8-30 18:40:28
*/

SET FOREIGN_KEY_CHECKS=0;

-- ----------------------------
--  Table structure for `sinoicity_dept`
-- ----------------------------
DROP TABLE IF EXISTS `sinoicity_dept`;
CREATE TABLE `sinoicity_dept` (
  `deptid` varchar(64) NOT NULL,
  `deptname` varchar(255) DEFAULT NULL,
  `description` varchar(255) DEFAULT NULL,
  PRIMARY KEY (`deptid`)
) ENGINE=InnoDB DEFAULT CHARSET=utf8;

-- ----------------------------
--  Table structure for `sinoicity_funcrole`
-- ----------------------------
DROP TABLE IF EXISTS `sinoicity_funcrole`;
CREATE TABLE `sinoicity_funcrole` (
  `funcroleid` varchar(64) NOT NULL DEFAULT '0',
  `funcid` varchar(64) DEFAULT NULL,
  `roleid` varchar(64) DEFAULT NULL,
  PRIMARY KEY (`funcroleid`)
) ENGINE=InnoDB DEFAULT CHARSET=utf8;

-- ----------------------------
--  Table structure for `sinoicity_function`
-- ----------------------------
DROP TABLE IF EXISTS `sinoicity_function`;
CREATE TABLE `sinoicity_function` (
  `funcid` varchar(64) NOT NULL DEFAULT '',
  `funcname` varchar(255) DEFAULT NULL,
  `description` varchar(1000) DEFAULT NULL,
  `parentid` varchar(64) DEFAULT NULL,
  `url` varchar(100) DEFAULT NULL,
  `func_order` int(5) DEFAULT NULL,
  PRIMARY KEY (`funcid`)
) ENGINE=InnoDB DEFAULT CHARSET=utf8;

-- ----------------------------
--  Table structure for `sinoicity_role`
-- ----------------------------
DROP TABLE IF EXISTS `sinoicity_role`;
CREATE TABLE `sinoicity_role` (
  `roleid` varchar(64) NOT NULL,
  `rolename` varchar(255) DEFAULT NULL,
  `description` varchar(255) DEFAULT NULL,
  `status` varchar(10) DEFAULT NULL,
  PRIMARY KEY (`roleid`)
) ENGINE=InnoDB DEFAULT CHARSET=utf8;

-- ----------------------------
--  Table structure for `sinoicity_user`
-- ----------------------------
DROP TABLE IF EXISTS `sinoicity_user`;
CREATE TABLE `sinoicity_user` (
  `userid` varchar(64) NOT NULL,
  `username` varchar(255) DEFAULT NULL,
  `password` varchar(255) DEFAULT NULL,
  `name` varchar(255) DEFAULT NULL,
  `sex` varchar(20) DEFAULT NULL,
  `addr` varchar(255) DEFAULT NULL,
  `roleid` varchar(64) DEFAULT NULL,
  `description` varchar(255) DEFAULT NULL,
  `deptid` varchar(64) DEFAULT '0',
  `bianhao` varchar(64) DEFAULT NULL,
  `status` int(5) DEFAULT '1',
  `email` varchar(64) DEFAULT '',
  `code` varchar(64) DEFAULT NULL,
  `hospitalId` int(5) DEFAULT '0',
  `imid` varchar(100) DEFAULT NULL,
  `impass` varchar(100) DEFAULT NULL,
  PRIMARY KEY (`userid`)
) ENGINE=InnoDB DEFAULT CHARSET=utf8;

-- ----------------------------
--  Records 
-- ----------------------------
INSERT INTO `sinoicity_dept` VALUES ('03d850bc-34cb-48d0-be4e-a14b97ce3cc2','说说说','33'), ('cf69a61e-462c-443d-887e-c4ad23f195e2','的','的'), ('d2531d83-95dc-4338-975e-cdea1da4355f','3','3'), ('d8013537-a5e6-415e-aed2-2dee0d6fce5a','李易峰','李易峰'), ('dc43f0d9-00be-457d-a24d-9e48fc47e7b5','测试部门','测试'), ('de3ab610-6527-4c68-ae18-2d6838019322','3','3'), ('f9300c4c-29da-4cfe-9830-1f1985474db5','zassf','safa');
INSERT INTO `sinoicity_funcrole` VALUES ('0009287f-37cf-48bb-9732-01f258a9e05f','5fa32f1b-116e-4e18-af01-cc494d52ae8b','58e0e949-5010-4929-8961-5945b5a35960'), ('0366f758-9e1d-4403-9bac-a7b05a75840f','955048f9-1d98-43d5-8c50-28a825d6f079','f632f431-9637-44c7-9105-c5824c086b18'), ('03cb6ced-6209-47fa-a9f2-a6a9d012064f','ed582647-db0f-458d-9a8b-6bd0c7864828','e42c07c4-0663-4092-a71b-200ae9314940'), ('042197a1-5f0d-4c92-a673-31f4c69df39f','dc5626ef-1442-4fb3-8717-85f2b028ab88','5c758bb3-87b2-4f5e-93b8-412e42288bff'), ('052fc14c-b3bf-4321-b829-f085727388cf','1c1b0c17-af00-4f0f-9273-288e71c8214a','1'), ('05970c1f-097f-49a6-9589-2cd22e20e961','4c482d6c-1bc9-4a1e-a58a-c88095e58717','ec103493-0ad5-4626-b455-65c7e62ab4a4'), ('05f78a8e-82be-4ed3-bbdc-2d6734abf035','65dbee7b-2c5a-46e3-82fc-7b93c9439871','e42c07c4-0663-4092-a71b-200ae9314940'), ('0677e6d7-b50d-424a-9e36-57cf1dfce88f','0c64ca15-0713-4a4e-98c2-e5303fc45c20','5da91f55-b9fb-469d-a98d-bdeef17b813c'), ('07069973-8f42-497d-87f1-fd50bcdf1f3b','58a68c31-7894-4e43-b576-b839e3f7aaa3','58e0e949-5010-4929-8961-5945b5a35960'), ('073b76ff-c129-4b43-bcc9-df21f6f2878f','ed582647-db0f-458d-9a8b-6bd0c7864828','e8e82a1c-37ce-4b0a-999f-34e9c1f4b31d'), ('0995ad38-d8f2-439f-a723-b423a84b1869','370667f7-f8f2-4b85-8ef7-391dc6d5dc48','1'), ('0a83fa14-036b-4112-b923-8c1c2a459653','776184b9-bad2-4cc1-8f44-a20d3ce5c71f','e8e82a1c-37ce-4b0a-999f-34e9c1f4b31d'), ('0b89b164-1b5e-4a83-9573-0221a3e8c0d0','5c93b40f-dc40-43ea-b2bd-9de0ca72c04c','ec103493-0ad5-4626-b455-65c7e62ab4a4'), ('0e3f24db-c3e9-482f-88d8-c7361e60cf7d','592163cc-6836-42d4-b41d-ca824aeef106','1'), ('0ea98c95-6a58-4368-973c-9946fc9527c2','252087d9-c101-44dc-9943-5a275e646bdd','ec103493-0ad5-4626-b455-65c7e62ab4a4'), ('11d0ab7b-3614-4d42-9498-e2f951490e69','592163cc-6836-42d4-b41d-ca824aeef106','5da91f55-b9fb-469d-a98d-bdeef17b813c'), ('1200074c-466e-48aa-a537-ac301f545428','370667f7-f8f2-4b85-8ef7-391dc6d5dc48','36767c3e-1d78-47f5-8eaa-ede0c885cd8d'), ('131312e5-3056-4963-a92c-bf414571787f','ba09cfb1-0b89-4462-b874-b491ba944f0f','a6b6cf7d-c153-406e-b8d4-1ea5b8e29152'), ('1356372a-3f24-42e0-ab1a-7cd8c19cf21a','252087d9-c101-44dc-9943-5a275e646bdd','1'), ('13cb1cc4-9293-4705-b17d-206b208c94b3','e7dc4c58-8d04-4de6-97fa-6655706aaad6','1'), ('14fad6d8-a09f-48eb-9d35-534f8b58b893','370667f7-f8f2-4b85-8ef7-391dc6d5dc48','e8e82a1c-37ce-4b0a-999f-34e9c1f4b31d'), ('15d56900-5b97-46f7-a0c5-32a710653ce5','a150733c-685f-45ba-8bec-d619d6142474','58e0e949-5010-4929-8961-5945b5a35960'), ('1656465f-ebca-4dce-af0b-727062a42b64','592163cc-6836-42d4-b41d-ca824aeef106','e42c07c4-0663-4092-a71b-200ae9314940'), ('165f8286-20b8-4058-ae9b-6b88e05bf089','bce5be65-58c0-416e-b96a-c35de480a33b','e8e82a1c-37ce-4b0a-999f-34e9c1f4b31d'), ('1670674a-aeec-49b3-9596-82da48968cd8','dc5626ef-1442-4fb3-8717-85f2b028ab88','f632f431-9637-44c7-9105-c5824c086b18'), ('1678d82f-8976-4cf3-9222-a11c9c74df9a','38403cb9-8fe2-4daa-8acc-2091f67a4794','5da91f55-b9fb-469d-a98d-bdeef17b813c'), ('16a3568b-5688-43d2-ae26-e712118039ac','370667f7-f8f2-4b85-8ef7-391dc6d5dc48','e42c07c4-0663-4092-a71b-200ae9314940'), ('195813ec-5fe6-4033-8752-c18450672e01','1a3800c0-b68b-4f73-869d-60b925b43bc8','1'), ('1b53b44a-a7fd-461a-b6da-ef4f40fb6418','b46b68ef-7f21-4b38-a16f-15e22d31e72f','e8e82a1c-37ce-4b0a-999f-34e9c1f4b31d'), ('1bddc19d-9298-4ff1-a14c-655bbf7ebeb1','0c64ca15-0713-4a4e-98c2-e5303fc45c20','ec103493-0ad5-4626-b455-65c7e62ab4a4'), ('1d7397a0-762a-48f3-9b14-06d1c4f1dfcd','5c93b40f-dc40-43ea-b2bd-9de0ca72c04c','36767c3e-1d78-47f5-8eaa-ede0c885cd8d'), ('1e3a3a2a-64ca-4cb1-b26c-41a9618dff6b','0dd1b5b9-3ae2-4dbe-998e-6bb1b2b0eeed','f632f431-9637-44c7-9105-c5824c086b18'), ('1f816d70-045a-40cd-bbee-ca603cda0179','ebd1852d-96dd-462f-b62f-a5b9a772c452','1'), ('20','1','1'), ('207862ad-abc6-498e-8542-426ee4499070','ba09cfb1-0b89-4462-b874-b491ba944f0f','e8e82a1c-37ce-4b0a-999f-34e9c1f4b31d'), ('21ed6394-2619-442c-8475-0fe1cae4e23c','dc5626ef-1442-4fb3-8717-85f2b028ab88','ec103493-0ad5-4626-b455-65c7e62ab4a4'), ('2218f74b-aa5d-4c01-80f3-5b5defe3860c','65756748-daf3-4f68-895e-cb21578d6e10','e42c07c4-0663-4092-a71b-200ae9314940'), ('231f2db0-d777-438c-9eb3-4506ae230a21','b46b68ef-7f21-4b38-a16f-15e22d31e72f','a6b6cf7d-c153-406e-b8d4-1ea5b8e29152'), ('23acf253-5a0d-4c9a-bfbd-c3e329902755','991859cf-48c8-462d-8bc1-619413044e0c','ec103493-0ad5-4626-b455-65c7e62ab4a4'), ('2420b319-07f0-47c1-afa0-578afdd2edec','0dd1b5b9-3ae2-4dbe-998e-6bb1b2b0eeed','58e0e949-5010-4929-8961-5945b5a35960'), ('244fed21-813e-4176-af6f-233cacf68d42','58a68c31-7894-4e43-b576-b839e3f7aaa3','5da91f55-b9fb-469d-a98d-bdeef17b813c'), ('245f3b88-9b6d-4943-9e99-b1065823e686','9ef940de-e3e9-4213-8afd-073f94119e7a','1'), ('246c768d-288e-4361-a141-7077d6af39d4','64be2b18-d779-4782-b8ac-134e300c22c2','36767c3e-1d78-47f5-8eaa-ede0c885cd8d'), ('25b38cfc-0181-4003-881e-f6c58b6247ec','592163cc-6836-42d4-b41d-ca824aeef106','a6b6cf7d-c153-406e-b8d4-1ea5b8e29152'), ('25bef8db-5e19-4d8b-842b-5ba938061126','3ae4bf79-b65e-4cdc-a110-35ba1fa84e4c','1'), ('26005116-294a-46e8-ab8e-0367ecb6a942','4c482d6c-1bc9-4a1e-a58a-c88095e58717','e42c07c4-0663-4092-a71b-200ae9314940'), ('26081728-2460-4fa6-99f0-27c7e18a47ab','a7d02dcb-41d9-4ea4-b0dd-a6a306eef7ef','48990dc2-019b-4c8e-882f-b90a520c7ab9'), ('271bfc65-a0fb-4cf9-b056-8aff52e32139','d50ff2e5-c2be-4540-ba09-3ab5827de560','36767c3e-1d78-47f5-8eaa-ede0c885cd8d'), ('27692b50-d7bd-47ba-8ec1-42d96aa82410','370667f7-f8f2-4b85-8ef7-391dc6d5dc48','ec103493-0ad5-4626-b455-65c7e62ab4a4'), ('27f43df9-ae98-47cd-a909-5e15cb6d722e','64be2b18-d779-4782-b8ac-134e300c22c2','e8e82a1c-37ce-4b0a-999f-34e9c1f4b31d'), ('2809d76b-a34a-4289-ad22-dc91551e83d0','5fa32f1b-116e-4e18-af01-cc494d52ae8b','5c758bb3-87b2-4f5e-93b8-412e42288bff'), ('2894ff14-ddf6-43c0-a627-4283155998c2','65756748-daf3-4f68-895e-cb21578d6e10','1'), ('2a686485-c0e5-45c9-90ff-a9f3bbf3dedd','d50ff2e5-c2be-4540-ba09-3ab5827de560','5da91f55-b9fb-469d-a98d-bdeef17b813c'), ('2a6c5fb2-fc61-48a4-b099-3f379c7d085f','3b663d34-8caf-4118-95ff-163142ead529','a6b6cf7d-c153-406e-b8d4-1ea5b8e29152'), ('2a9adcd8-485f-411c-b9eb-affffb54b1fb','64be2b18-d779-4782-b8ac-134e300c22c2','a6b6cf7d-c153-406e-b8d4-1ea5b8e29152'), ('2a9e591e-7c9e-4398-b52d-b1df8a1ef894','877d84b4-4ba6-490d-bd3b-f758081d69fc','e42c07c4-0663-4092-a71b-200ae9314940'), ('2b21dad8-01ec-4628-965e-3660f83dc6ce','e7dc4c58-8d04-4de6-97fa-6655706aaad6','a6b6cf7d-c153-406e-b8d4-1ea5b8e29152'), ('2b77abe3-2fb4-424f-9ab4-6200155e6d21','f1101e76-ad00-46f0-806f-51679eea6f10','5da91f55-b9fb-469d-a98d-bdeef17b813c'), ('2b7c09cf-5f33-480d-b9cd-60e5b21df0d3','f4252b4e-ff8c-483c-8638-4c7afb20512a','1'), ('2bf582b0-a610-4e0e-970c-6def1d014229','ed582647-db0f-458d-9a8b-6bd0c7864828','1'), ('2cf8c852-3583-4071-b586-5a78f90036c0','693a6579-685b-4ca8-b5b4-356d356d6b65','e8e82a1c-37ce-4b0a-999f-34e9c1f4b31d'), ('2d495240-820f-4961-8ca8-126518103be5','877d84b4-4ba6-490d-bd3b-f758081d69fc','e8e82a1c-37ce-4b0a-999f-34e9c1f4b31d'), ('2dca347c-b192-4391-9117-9e2f17f4a6ed','5c93b40f-dc40-43ea-b2bd-9de0ca72c04c','5da91f55-b9fb-469d-a98d-bdeef17b813c'), ('2e149d15-b36f-48de-ad75-d04d3c101bca','f1101e76-ad00-46f0-806f-51679eea6f10','1'), ('2e52fd34-4022-405d-a2df-d34966105007','5c93b40f-dc40-43ea-b2bd-9de0ca72c04c','58e0e949-5010-4929-8961-5945b5a35960'), ('2e96c67d-1fd8-4796-aa41-28dc32d798f3','65756748-daf3-4f68-895e-cb21578d6e10','a6b6cf7d-c153-406e-b8d4-1ea5b8e29152'), ('2ef6c287-5b40-4aa3-aa7f-a1bf3abb91c6','49ceb1c0-78cb-4137-8be8-023f91260f17','f632f431-9637-44c7-9105-c5824c086b18'), ('2f6beb70-8040-48ae-af93-c0a8e1f1ea31','592163cc-6836-42d4-b41d-ca824aeef106','ec103493-0ad5-4626-b455-65c7e62ab4a4'), ('3143365d-4913-44c5-a63d-2db542fe2f69','0d00808e-9d4d-4ebf-84de-0fc79897284a','1'), ('315a17a6-027c-45cb-976d-a5c1f79f0f65','b46b68ef-7f21-4b38-a16f-15e22d31e72f','5da91f55-b9fb-469d-a98d-bdeef17b813c'), ('32210900-37f7-4b07-9807-09e2bc29b1f5','ed582647-db0f-458d-9a8b-6bd0c7864828','58e0e949-5010-4929-8961-5945b5a35960'), ('329cdeaf-7129-4b0b-a78c-2fe41d7246e6','9ef940de-e3e9-4213-8afd-073f94119e7a','f632f431-9637-44c7-9105-c5824c086b18'), ('32cafd5b-0799-45e1-85ce-f12248fc4455','3b663d34-8caf-4118-95ff-163142ead529','1'), ('33561a64-d0e4-44a8-9ff6-7f762d9a1377','f934eef9-451e-40e3-8212-2924dd9257c9','e42c07c4-0663-4092-a71b-200ae9314940'), ('337c0847-47a1-4037-9c82-f8340a55371f','b28fec3b-35c1-465c-8659-6b9d126adbea','f632f431-9637-44c7-9105-c5824c086b18'), ('36249f9e-e8ae-4980-97ac-86c832db1f7d','4c482d6c-1bc9-4a1e-a58a-c88095e58717','36767c3e-1d78-47f5-8eaa-ede0c885cd8d'), ('3642754b-cee4-4bd8-9062-1c25b8a932f7','ebd1852d-96dd-462f-b62f-a5b9a772c452','5da91f55-b9fb-469d-a98d-bdeef17b813c'), ('36dce8ba-d7d1-45ba-9949-3e6015627afa','d50ff2e5-c2be-4540-ba09-3ab5827de560','e42c07c4-0663-4092-a71b-200ae9314940'), ('37431ee8-40e9-403e-9e2e-7073e750d3a5','e7dc4c58-8d04-4de6-97fa-6655706aaad6','e42c07c4-0663-4092-a71b-200ae9314940'), ('37741f2d-7251-4cab-ad60-65f89cc2fd37','ba09cfb1-0b89-4462-b874-b491ba944f0f','5c758bb3-87b2-4f5e-93b8-412e42288bff'), ('37d2081a-2f65-4fca-af2c-67aa2ac31a0d','ba09cfb1-0b89-4462-b874-b491ba944f0f','ec103493-0ad5-4626-b455-65c7e62ab4a4'), ('38b1c55e-4678-4b45-b31c-6cdeda6a3f21','38403cb9-8fe2-4daa-8acc-2091f67a4794','36767c3e-1d78-47f5-8eaa-ede0c885cd8d'), ('39bfb702-aa81-4bd5-a7db-0635e5c0d567','f934eef9-451e-40e3-8212-2924dd9257c9','f632f431-9637-44c7-9105-c5824c086b18'), ('3b52bc02-e541-45e5-a2ae-58a9e89580dc','955048f9-1d98-43d5-8c50-28a825d6f079','36767c3e-1d78-47f5-8eaa-ede0c885cd8d'), ('3ba5cf5a-5928-4f49-8b7d-42344c638493','49ceb1c0-78cb-4137-8be8-023f91260f17','9d6471b4-2f67-4a02-be9c-290eacb9617b'), ('3c481afe-c1a9-4169-ab95-81bef855696f','46877307-f33c-4325-9e57-b0aacc4dac6c','9d6471b4-2f67-4a02-be9c-290eacb9617b'), ('3ceb08b6-9b0b-454d-a1ce-3bcb298b6b2a','9f44891d-d217-42a4-9ef3-8c805da170fd','1'), ('3db40fdc-c2db-4fe3-91d0-2206a295a8d9','d50ff2e5-c2be-4540-ba09-3ab5827de560','a6b6cf7d-c153-406e-b8d4-1ea5b8e29152'), ('3e44e19a-e861-451f-ad31-f2ab03189e19','bce5be65-58c0-416e-b96a-c35de480a33b','a6b6cf7d-c153-406e-b8d4-1ea5b8e29152'), ('3e63ca02-7ba6-42e9-8f4f-5589b249e90e','65dbee7b-2c5a-46e3-82fc-7b93c9439871','5c758bb3-87b2-4f5e-93b8-412e42288bff'), ('3f38b2eb-2df3-4f8c-b1c8-84089771df4e','65dbee7b-2c5a-46e3-82fc-7b93c9439871','f632f431-9637-44c7-9105-c5824c086b18'), ('3fe36910-c694-4d40-bc8d-e15fa42a44ec','64be2b18-d779-4782-b8ac-134e300c22c2','ec103493-0ad5-4626-b455-65c7e62ab4a4'), ('40285b07-b2c3-479b-8c67-92fb0b872fa7','58a68c31-7894-4e43-b576-b839e3f7aaa3','e8e82a1c-37ce-4b0a-999f-34e9c1f4b31d'), ('40d651b9-5f72-40e2-ba9a-6b8dfafa4e47','bce5be65-58c0-416e-b96a-c35de480a33b','36767c3e-1d78-47f5-8eaa-ede0c885cd8d'), ('4121fe06-3bb2-4eb3-b6a1-685c59fc394a','0d505c77-2348-4077-93c8-498585a1c1ac','ec103493-0ad5-4626-b455-65c7e62ab4a4'), ('41d6091d-083f-46a2-acc6-64ebd6a42f01','433577db-e772-485c-87b8-db171533d8e5','ec103493-0ad5-4626-b455-65c7e62ab4a4'), ('425d3447-9e80-4779-a2ba-2a84858b3492','a7d02dcb-41d9-4ea4-b0dd-a6a306eef7ef','1'), ('427efcf5-8516-4c59-93ec-cdb3bcb328d0','016967b6-b16c-49c5-9257-062e2fff7410','1'), ('4306cfc1-6354-4405-aa6e-8dd24c31b3e1','58a68c31-7894-4e43-b576-b839e3f7aaa3','f632f431-9637-44c7-9105-c5824c086b18'), ('433fd493-74de-40be-8510-ace7887f0161','955048f9-1d98-43d5-8c50-28a825d6f079','e42c07c4-0663-4092-a71b-200ae9314940');
INSERT INTO `sinoicity_funcrole` VALUES ('437a9dda-b1bb-48fa-a504-ded00e57a402','a150733c-685f-45ba-8bec-d619d6142474','5da91f55-b9fb-469d-a98d-bdeef17b813c'), ('4409da0b-0d58-4a7a-b6b4-99b78456e227','1a3800c0-b68b-4f73-869d-60b925b43bc8','48990dc2-019b-4c8e-882f-b90a520c7ab9'), ('455c11cc-7f30-408c-a21a-a3bd4ead55cc','a150733c-685f-45ba-8bec-d619d6142474','1'), ('45842b2c-b9a7-4e7d-bd0d-14e740353225','955048f9-1d98-43d5-8c50-28a825d6f079','58e0e949-5010-4929-8961-5945b5a35960'), ('4588dcb4-b13f-44e8-8115-0a2d15af4575','d50ff2e5-c2be-4540-ba09-3ab5827de560','ec103493-0ad5-4626-b455-65c7e62ab4a4'), ('47934a35-4735-43a4-a74a-7b01427b9822','795a36e1-cf19-4353-971b-570c77090a0f','1'), ('48724804-194b-4efa-a0d4-a1e1096435f6','bce5be65-58c0-416e-b96a-c35de480a33b','5c758bb3-87b2-4f5e-93b8-412e42288bff'), ('49b6502c-b213-464e-be97-02b86888ae8f','bce5be65-58c0-416e-b96a-c35de480a33b','f632f431-9637-44c7-9105-c5824c086b18'), ('4a1bcad8-47b6-456d-bd9d-ee17af2f5ba8','b28fec3b-35c1-465c-8659-6b9d126adbea','e42c07c4-0663-4092-a71b-200ae9314940'), ('4a7061a0-8171-4337-8425-89f824679532','65dbee7b-2c5a-46e3-82fc-7b93c9439871','ec103493-0ad5-4626-b455-65c7e62ab4a4'), ('4bd0c776-114e-4895-bf0f-f3d4c88f62ad','64be2b18-d779-4782-b8ac-134e300c22c2','58e0e949-5010-4929-8961-5945b5a35960'), ('4bdc44c6-58ef-4b86-9b03-0f2f9f3babb7','85c0a778-ed29-4bdc-abef-5c00773cdb34','1'), ('4da33563-dc27-4580-b909-24412d18ae52','dc5626ef-1442-4fb3-8717-85f2b028ab88','36767c3e-1d78-47f5-8eaa-ede0c885cd8d'), ('4eb36bba-36e4-43a3-ac15-131be573ea92','ba09cfb1-0b89-4462-b874-b491ba944f0f','5da91f55-b9fb-469d-a98d-bdeef17b813c'), ('4f0d0488-b79b-4545-baa5-03fcc71f51a0','ebd1852d-96dd-462f-b62f-a5b9a772c452','ec103493-0ad5-4626-b455-65c7e62ab4a4'), ('50c187d7-f621-4289-a949-abf2938f9009','64be2b18-d779-4782-b8ac-134e300c22c2','5da91f55-b9fb-469d-a98d-bdeef17b813c'), ('51836da0-2171-4edf-9590-93fca15c4006','693a6579-685b-4ca8-b5b4-356d356d6b65','9d6471b4-2f67-4a02-be9c-290eacb9617b'), ('519931aa-cb8b-45f3-878a-1d3490ce8e80','680de13d-409b-41a0-a29e-95291eac25dd','f632f431-9637-44c7-9105-c5824c086b18'), ('51b50935-a8ca-442e-abd7-fe11dd08c23e','b41ba9f4-d243-41c8-ba73-25dae583279e','1'), ('51e00bea-8867-4ddc-8634-3081da6a0876','0dd1b5b9-3ae2-4dbe-998e-6bb1b2b0eeed','1'), ('520e4e59-8dbb-40fa-b47a-556982eac4aa','dc5626ef-1442-4fb3-8717-85f2b028ab88','a6b6cf7d-c153-406e-b8d4-1ea5b8e29152'), ('52b2937b-b4d8-48aa-b486-e09c01257c8d','5fa32f1b-116e-4e18-af01-cc494d52ae8b','5da91f55-b9fb-469d-a98d-bdeef17b813c'), ('52d1eef1-d6e6-4096-af99-94432d768fb2','877d84b4-4ba6-490d-bd3b-f758081d69fc','a6b6cf7d-c153-406e-b8d4-1ea5b8e29152'), ('52d3c97a-a104-4965-b4a3-792b4921e3ba','4c482d6c-1bc9-4a1e-a58a-c88095e58717','58e0e949-5010-4929-8961-5945b5a35960'), ('54a0f3d4-f6ff-40aa-a015-d3c4e871bb88','991859cf-48c8-462d-8bc1-619413044e0c','58e0e949-5010-4929-8961-5945b5a35960'), ('54ba5f52-bf46-406d-b5c6-530240551f73','991859cf-48c8-462d-8bc1-619413044e0c','1'), ('5580fe7d-025f-4885-b092-ed9e51426a2d','0c64ca15-0713-4a4e-98c2-e5303fc45c20','a6b6cf7d-c153-406e-b8d4-1ea5b8e29152'), ('55c38484-1217-43ec-a48d-819a40ea73a8','f1101e76-ad00-46f0-806f-51679eea6f10','e8e82a1c-37ce-4b0a-999f-34e9c1f4b31d'), ('560bb11d-85eb-4199-aef4-3cfef9d5f08e','680de13d-409b-41a0-a29e-95291eac25dd','58e0e949-5010-4929-8961-5945b5a35960'), ('561e2af4-3bc5-4c19-ac6d-8db3937e6127','e7dc4c58-8d04-4de6-97fa-6655706aaad6','58e0e949-5010-4929-8961-5945b5a35960'), ('5653acba-6db8-4a3a-b511-59d40281037c','5fa32f1b-116e-4e18-af01-cc494d52ae8b','36767c3e-1d78-47f5-8eaa-ede0c885cd8d'), ('572e4a38-8252-4f24-9913-840c4e4fa3bf','38403cb9-8fe2-4daa-8acc-2091f67a4794','e42c07c4-0663-4092-a71b-200ae9314940'), ('5732018f-847d-4d9f-9460-cc6070081b16','b28fec3b-35c1-465c-8659-6b9d126adbea','36767c3e-1d78-47f5-8eaa-ede0c885cd8d'), ('57667e3c-23ac-4fdc-b292-83c7e0c694f9','680de13d-409b-41a0-a29e-95291eac25dd','a6b6cf7d-c153-406e-b8d4-1ea5b8e29152'), ('593e148c-c5eb-4e1d-a43f-9cda4a746a03','e7dc4c58-8d04-4de6-97fa-6655706aaad6','36767c3e-1d78-47f5-8eaa-ede0c885cd8d'), ('5970a757-7a8d-49de-b0f1-35a48d0c5010','4c482d6c-1bc9-4a1e-a58a-c88095e58717','5da91f55-b9fb-469d-a98d-bdeef17b813c'), ('5a099c22-f04a-4667-9ee7-7799c0131cdc','9ef940de-e3e9-4213-8afd-073f94119e7a','a6b6cf7d-c153-406e-b8d4-1ea5b8e29152'), ('5b3257d5-062d-46d4-ac39-0da67dbd51c8','58a68c31-7894-4e43-b576-b839e3f7aaa3','1'), ('5b627d99-470a-4a54-a965-6723b20b4e8d','877d84b4-4ba6-490d-bd3b-f758081d69fc','f632f431-9637-44c7-9105-c5824c086b18'), ('5b7f9659-435b-491a-9854-c8a84b42965b','4c482d6c-1bc9-4a1e-a58a-c88095e58717','1'), ('5c88d547-9f3f-4c23-8f7d-be3dde58c61d','9ef940de-e3e9-4213-8afd-073f94119e7a','e42c07c4-0663-4092-a71b-200ae9314940'), ('5cb47199-0470-41a7-8365-8ee3c0796deb','b46b68ef-7f21-4b38-a16f-15e22d31e72f','ec103493-0ad5-4626-b455-65c7e62ab4a4'), ('5d5e3c1d-982e-4d51-8e44-1e2527d2749a','b28fec3b-35c1-465c-8659-6b9d126adbea','5c758bb3-87b2-4f5e-93b8-412e42288bff'), ('5e2b8e9f-dadd-459f-848c-834fb901fe3c','65756748-daf3-4f68-895e-cb21578d6e10','58e0e949-5010-4929-8961-5945b5a35960'), ('5ea3ac14-dae8-42be-81d5-40ba21270114','64be2b18-d779-4782-b8ac-134e300c22c2','f632f431-9637-44c7-9105-c5824c086b18'), ('60488bd5-c1f4-4067-b063-5a4b89630e4a','a019364a-3968-40f3-ae50-b633f7a52e43','1'), ('60f838db-bfc5-4d3e-a66d-32eed14d6c39','b28fec3b-35c1-465c-8659-6b9d126adbea','58e0e949-5010-4929-8961-5945b5a35960'), ('613bfe0b-9499-4f59-b561-81eaca585d7b','252087d9-c101-44dc-9943-5a275e646bdd','58e0e949-5010-4929-8961-5945b5a35960'), ('61dd0d2c-c382-463b-ae8c-a06fb83bc86d','bce5be65-58c0-416e-b96a-c35de480a33b','5da91f55-b9fb-469d-a98d-bdeef17b813c'), ('620bc7ef-4888-4f26-9624-4576a90b1bb1','776184b9-bad2-4cc1-8f44-a20d3ce5c71f','a6b6cf7d-c153-406e-b8d4-1ea5b8e29152'), ('63d70969-8073-4558-91c1-dc2753f8f6ce','252087d9-c101-44dc-9943-5a275e646bdd','e42c07c4-0663-4092-a71b-200ae9314940'), ('645656a7-cf02-4ecf-b2fb-1477988f2ae9','ed582647-db0f-458d-9a8b-6bd0c7864828','f632f431-9637-44c7-9105-c5824c086b18'), ('64826a71-aceb-403d-88d8-909e1b3fc2cd','370667f7-f8f2-4b85-8ef7-391dc6d5dc48','58e0e949-5010-4929-8961-5945b5a35960'), ('6515f1ca-fd7b-4627-81df-1979f2d22a71','49ceb1c0-78cb-4137-8be8-023f91260f17','5da91f55-b9fb-469d-a98d-bdeef17b813c'), ('65164899-d57d-4a00-9657-7b3adf7e634d','991859cf-48c8-462d-8bc1-619413044e0c','36767c3e-1d78-47f5-8eaa-ede0c885cd8d'), ('65a1a6f5-e437-4989-bf9e-07ab80871836','a150733c-685f-45ba-8bec-d619d6142474','a6b6cf7d-c153-406e-b8d4-1ea5b8e29152'), ('6796d42b-62d0-422a-89b6-912b307913cb','58a68c31-7894-4e43-b576-b839e3f7aaa3','a6b6cf7d-c153-406e-b8d4-1ea5b8e29152'), ('69aeed73-e908-4346-a7f6-25a08b877712','e7dc4c58-8d04-4de6-97fa-6655706aaad6','ec103493-0ad5-4626-b455-65c7e62ab4a4'), ('6a660cf1-613e-47e0-bd7c-e437c94c81b5','b28fec3b-35c1-465c-8659-6b9d126adbea','5da91f55-b9fb-469d-a98d-bdeef17b813c'), ('6afffbad-4542-4280-bf15-04ef0779dc12','955048f9-1d98-43d5-8c50-28a825d6f079','ec103493-0ad5-4626-b455-65c7e62ab4a4'), ('6b135253-1c88-4094-be0d-62e1e59326e8','a150733c-685f-45ba-8bec-d619d6142474','ec103493-0ad5-4626-b455-65c7e62ab4a4'), ('6c81c87e-eef5-4b27-bf81-893f5477f9b4','3b663d34-8caf-4118-95ff-163142ead529','9d6471b4-2f67-4a02-be9c-290eacb9617b'), ('6ce33fed-2862-48e9-afe9-f73acb3162d1','49ceb1c0-78cb-4137-8be8-023f91260f17','a6b6cf7d-c153-406e-b8d4-1ea5b8e29152'), ('6d5f15dc-eccf-4ac6-8cab-38f5d35ea34c','776184b9-bad2-4cc1-8f44-a20d3ce5c71f','58e0e949-5010-4929-8961-5945b5a35960'), ('6da38a8d-6306-4e53-9488-55c92359317f','693a6579-685b-4ca8-b5b4-356d356d6b65','a6b6cf7d-c153-406e-b8d4-1ea5b8e29152'), ('6e046338-fbe9-4612-bc17-a587614efb9d','ebd1852d-96dd-462f-b62f-a5b9a772c452','a6b6cf7d-c153-406e-b8d4-1ea5b8e29152'), ('70aa630d-e007-4fc2-b1c4-31f5a05fd9b3','776184b9-bad2-4cc1-8f44-a20d3ce5c71f','e42c07c4-0663-4092-a71b-200ae9314940'), ('71cfb4a4-1258-44f6-9aa3-bf8d0cdae509','0d505c77-2348-4077-93c8-498585a1c1ac','5da91f55-b9fb-469d-a98d-bdeef17b813c'), ('7255b86b-f738-4142-993a-8822c9dbe16c','9ef940de-e3e9-4213-8afd-073f94119e7a','e8e82a1c-37ce-4b0a-999f-34e9c1f4b31d'), ('733b0d19-4ca5-4661-ae8f-b621b3385e60','680de13d-409b-41a0-a29e-95291eac25dd','ec103493-0ad5-4626-b455-65c7e62ab4a4'), ('73c4c26f-9f63-4100-956e-ed0bbb591028','ebd1852d-96dd-462f-b62f-a5b9a772c452','e8e82a1c-37ce-4b0a-999f-34e9c1f4b31d'), ('76a74a15-bbdd-48bd-b9d1-42945b8c13a0','370667f7-f8f2-4b85-8ef7-391dc6d5dc48','5da91f55-b9fb-469d-a98d-bdeef17b813c'), ('77511a7f-5a0f-4ede-a5d2-3ba6fae298a5','0dd1b5b9-3ae2-4dbe-998e-6bb1b2b0eeed','e42c07c4-0663-4092-a71b-200ae9314940'), ('77623d4e-ec50-40bc-ac2d-67547c30e82f','4c482d6c-1bc9-4a1e-a58a-c88095e58717','f632f431-9637-44c7-9105-c5824c086b18'), ('7769d21b-a7c4-4224-b389-9bc687eac799','f1101e76-ad00-46f0-806f-51679eea6f10','a6b6cf7d-c153-406e-b8d4-1ea5b8e29152'), ('7885d399-b291-4bfc-abe3-177b82249b3d','0dd1b5b9-3ae2-4dbe-998e-6bb1b2b0eeed','5da91f55-b9fb-469d-a98d-bdeef17b813c'), ('79d49f28-9f7c-422b-a7f7-19e34eb4d793','f1101e76-ad00-46f0-806f-51679eea6f10','f632f431-9637-44c7-9105-c5824c086b18'), ('79fe4ad6-4a86-4f9e-a5a9-bfc48f17cd57','ed582647-db0f-458d-9a8b-6bd0c7864828','a6b6cf7d-c153-406e-b8d4-1ea5b8e29152'), ('7a61dbb9-5c88-4f57-b40f-a27d35f2bb70','65756748-daf3-4f68-895e-cb21578d6e10','5da91f55-b9fb-469d-a98d-bdeef17b813c'), ('7aee92b6-e431-45c2-ae63-42aa8e1e5ff8','693a6579-685b-4ca8-b5b4-356d356d6b65','5c758bb3-87b2-4f5e-93b8-412e42288bff'), ('7b3b6eb4-3ac1-419d-bb67-82d3db40f67e','680de13d-409b-41a0-a29e-95291eac25dd','e42c07c4-0663-4092-a71b-200ae9314940'), ('7cb7502e-3e11-4dcb-8967-fb22c2a4ac33','5fa32f1b-116e-4e18-af01-cc494d52ae8b','1'), ('7df633d9-568c-4e66-a315-5727339ee92d','877d84b4-4ba6-490d-bd3b-f758081d69fc','9d6471b4-2f67-4a02-be9c-290eacb9617b'), ('7ed7195f-a38f-42db-90dc-a2d6f32ee198','f1101e76-ad00-46f0-806f-51679eea6f10','e42c07c4-0663-4092-a71b-200ae9314940'), ('7f334773-d452-4c2c-8b46-3035885fc19f','64be2b18-d779-4782-b8ac-134e300c22c2','e42c07c4-0663-4092-a71b-200ae9314940'), ('80393d65-b9d8-4ff5-a1a2-d91a87d19bed','64be2b18-d779-4782-b8ac-134e300c22c2','1'), ('81d7ec0e-0e18-4e67-a818-5ef45f496ff4','433577db-e772-485c-87b8-db171533d8e5','36767c3e-1d78-47f5-8eaa-ede0c885cd8d'), ('8259e574-5fc7-46ca-84ce-c21fa4aec5ca','0c64ca15-0713-4a4e-98c2-e5303fc45c20','e42c07c4-0663-4092-a71b-200ae9314940'), ('82bb7fb6-eb75-4fd5-b3c0-66d5bf615991','0c64ca15-0713-4a4e-98c2-e5303fc45c20','58e0e949-5010-4929-8961-5945b5a35960'), ('83b70f5a-25ba-4189-97dc-5814c28ec2e0','58a68c31-7894-4e43-b576-b839e3f7aaa3','ec103493-0ad5-4626-b455-65c7e62ab4a4'), ('83e72337-5170-4dae-8282-3ac95ce63a1e','433577db-e772-485c-87b8-db171533d8e5','58e0e949-5010-4929-8961-5945b5a35960'), ('8403d8f9-73dc-4f9e-8ba1-ed7c5fc80840','0c64ca15-0713-4a4e-98c2-e5303fc45c20','e8e82a1c-37ce-4b0a-999f-34e9c1f4b31d'), ('84132498-de04-491d-99fb-e0b132c9d375','b46b68ef-7f21-4b38-a16f-15e22d31e72f','1'), ('851c1603-a0d2-4e99-8d8e-5319bb528f91','252087d9-c101-44dc-9943-5a275e646bdd','a6b6cf7d-c153-406e-b8d4-1ea5b8e29152'), ('86b6f7c8-e00b-4e12-83ce-7e9a33f90a8d','0d505c77-2348-4077-93c8-498585a1c1ac','e42c07c4-0663-4092-a71b-200ae9314940'), ('86be4d54-e8ec-46d8-83d3-d5ed487d0873','ba09cfb1-0b89-4462-b874-b491ba944f0f','9d6471b4-2f67-4a02-be9c-290eacb9617b'), ('8736253d-f9be-49da-ade2-7b6fc69b1770','0b42184c-bddf-45e1-a9b5-73e435f834ac','74fa104e-3f8e-44e3-bb0e-a2c908c0cb6e'), ('87a32545-7183-42a5-bc86-8792eb64ce63','9ef940de-e3e9-4213-8afd-073f94119e7a','5c758bb3-87b2-4f5e-93b8-412e42288bff'), ('88026b55-5b4e-4a50-a2cb-d6554a7d0481','d50ff2e5-c2be-4540-ba09-3ab5827de560','f632f431-9637-44c7-9105-c5824c086b18'), ('881319f5-3bea-4e50-8358-c8f3a0e91096','991859cf-48c8-462d-8bc1-619413044e0c','a6b6cf7d-c153-406e-b8d4-1ea5b8e29152');
INSERT INTO `sinoicity_funcrole` VALUES ('88bffcbb-31d9-46ef-b65f-a964759ca440','f934eef9-451e-40e3-8212-2924dd9257c9','58e0e949-5010-4929-8961-5945b5a35960'), ('88c18cb1-da45-4a11-bc6f-98b34cddc5c4','776184b9-bad2-4cc1-8f44-a20d3ce5c71f','36767c3e-1d78-47f5-8eaa-ede0c885cd8d'), ('8912fc1f-fbaf-4886-8e98-139547e624ed','433577db-e772-485c-87b8-db171533d8e5','e8e82a1c-37ce-4b0a-999f-34e9c1f4b31d'), ('89b85752-2ba7-4801-a2a0-742f2acc8eca','34e02b8e-2206-491a-818d-46cbaed13d84','48990dc2-019b-4c8e-882f-b90a520c7ab9'), ('8a773a83-0564-4c99-a5f6-773959bd42cd','65dbee7b-2c5a-46e3-82fc-7b93c9439871','36767c3e-1d78-47f5-8eaa-ede0c885cd8d'), ('8ac4734e-e1cf-477e-8233-8d8c6422e87a','ed582647-db0f-458d-9a8b-6bd0c7864828','ec103493-0ad5-4626-b455-65c7e62ab4a4'), ('8c653410-4746-45d4-a069-804c79f9ab7b','877d84b4-4ba6-490d-bd3b-f758081d69fc','36767c3e-1d78-47f5-8eaa-ede0c885cd8d'), ('8ca68c2c-37f1-4edb-b8e5-35b8e2f71250','ed582647-db0f-458d-9a8b-6bd0c7864828','36767c3e-1d78-47f5-8eaa-ede0c885cd8d'), ('8cd57504-e7eb-40f9-8511-a99fb3f2e075','d50ff2e5-c2be-4540-ba09-3ab5827de560','1'), ('8fefd168-b12b-4561-89da-d67a019c3a12','433577db-e772-485c-87b8-db171533d8e5','f632f431-9637-44c7-9105-c5824c086b18'), ('902abf54-a5f4-4f48-b200-174cdc114c50','65756748-daf3-4f68-895e-cb21578d6e10','36767c3e-1d78-47f5-8eaa-ede0c885cd8d'), ('908ed7c2-f417-41b4-923e-c966471e4e2c','0dd1b5b9-3ae2-4dbe-998e-6bb1b2b0eeed','36767c3e-1d78-47f5-8eaa-ede0c885cd8d'), ('916d85df-fe48-4dcd-9433-6f131d155092','65756748-daf3-4f68-895e-cb21578d6e10','f632f431-9637-44c7-9105-c5824c086b18'), ('92182def-5605-4d5f-97ba-15f27b289fa2','a150733c-685f-45ba-8bec-d619d6142474','f632f431-9637-44c7-9105-c5824c086b18'), ('92703cf2-104d-419d-b2e1-6739ac54c86f','592163cc-6836-42d4-b41d-ca824aeef106','f632f431-9637-44c7-9105-c5824c086b18'), ('9283eccc-cfa9-47f4-b2d8-58a251233a7d','e7dc4c58-8d04-4de6-97fa-6655706aaad6','f632f431-9637-44c7-9105-c5824c086b18'), ('930272dd-6812-4d0a-94fd-a1f1aff513e9','877d84b4-4ba6-490d-bd3b-f758081d69fc','5da91f55-b9fb-469d-a98d-bdeef17b813c'), ('932ae915-e4e2-4950-a43f-f8d7c3154a88','3b663d34-8caf-4118-95ff-163142ead529','36767c3e-1d78-47f5-8eaa-ede0c885cd8d'), ('933d1517-dd92-4245-85a3-0f166eea9091','693a6579-685b-4ca8-b5b4-356d356d6b65','5da91f55-b9fb-469d-a98d-bdeef17b813c'), ('93a2997d-cd6f-4307-a99b-158acdb025a3','46877307-f33c-4325-9e57-b0aacc4dac6c','74fa104e-3f8e-44e3-bb0e-a2c908c0cb6e'), ('93dc1e83-46b8-48bf-ae47-3a5c5ce2f58e','955048f9-1d98-43d5-8c50-28a825d6f079','5c758bb3-87b2-4f5e-93b8-412e42288bff'), ('93f494ef-6912-4005-858d-f33deb172fac','b46b68ef-7f21-4b38-a16f-15e22d31e72f','36767c3e-1d78-47f5-8eaa-ede0c885cd8d'), ('94d09071-0c26-4dc1-b2dd-ab270f5c2401','ebd1852d-96dd-462f-b62f-a5b9a772c452','58e0e949-5010-4929-8961-5945b5a35960'), ('94e36dc6-81ab-4723-ba64-705f15ec2cc0','252087d9-c101-44dc-9943-5a275e646bdd','e8e82a1c-37ce-4b0a-999f-34e9c1f4b31d'), ('94f92ea7-ac20-4adf-810d-44597c3bb59a','693a6579-685b-4ca8-b5b4-356d356d6b65','e42c07c4-0663-4092-a71b-200ae9314940'), ('96d46000-267c-4304-bb66-64621dd38c0b','e7dc4c58-8d04-4de6-97fa-6655706aaad6','e8e82a1c-37ce-4b0a-999f-34e9c1f4b31d'), ('9715fcdc-f4d1-4d5e-a0fb-6ffe5d9aa68a','65dbee7b-2c5a-46e3-82fc-7b93c9439871','5da91f55-b9fb-469d-a98d-bdeef17b813c'), ('971dfc27-66ec-4c5a-a483-e65aed045b9e','4c482d6c-1bc9-4a1e-a58a-c88095e58717','a6b6cf7d-c153-406e-b8d4-1ea5b8e29152'), ('97a93fb4-2a63-4124-a70f-4c06004eb3ac','cd4f522c-7c40-44a0-ae70-f054f8ff57a6','1'), ('987c228b-9fa0-43c9-a854-1ad69dfe2456','38403cb9-8fe2-4daa-8acc-2091f67a4794','58e0e949-5010-4929-8961-5945b5a35960'), ('98946e30-d9ab-4b0b-bd46-779839064c0f','0c64ca15-0713-4a4e-98c2-e5303fc45c20','1'), ('989e56dc-b335-487e-9290-ef8fd01a12f1','b28fec3b-35c1-465c-8659-6b9d126adbea','e8e82a1c-37ce-4b0a-999f-34e9c1f4b31d'), ('9a0e82c3-ecc4-4b91-a4d3-f202d38b4ea7','0d505c77-2348-4077-93c8-498585a1c1ac','a6b6cf7d-c153-406e-b8d4-1ea5b8e29152'), ('9a338d90-c25b-438f-8fe6-25920c47291c','65756748-daf3-4f68-895e-cb21578d6e10','e8e82a1c-37ce-4b0a-999f-34e9c1f4b31d'), ('9b6f4d34-c7bb-427f-8dcd-b59fb898a07f','f934eef9-451e-40e3-8212-2924dd9257c9','1'), ('9c05f85d-4edc-45cd-a82d-62927064da10','38403cb9-8fe2-4daa-8acc-2091f67a4794','f632f431-9637-44c7-9105-c5824c086b18'), ('9ceea6b1-c567-4ed9-806b-02c9c0d1f1e0','1','7efe8c91-f269-4761-b1ee-ce29c9a8c3d1'), ('9e561958-d937-4713-b5a6-27ba923d2393','680de13d-409b-41a0-a29e-95291eac25dd','1'), ('9f76b661-40a9-47f5-9f61-5c0cfe232c3f','5c93b40f-dc40-43ea-b2bd-9de0ca72c04c','1'), ('a0ba195b-057b-479c-b231-15ca0bf5b329','3b663d34-8caf-4118-95ff-163142ead529','f632f431-9637-44c7-9105-c5824c086b18'), ('a0fbb4a2-04c2-4aad-ac16-d984a8bfa932','0b42184c-bddf-45e1-a9b5-73e435f834ac','1'), ('a1693389-b52f-49e6-bbb8-51f8b47c3d7d','36c63743-b977-4215-a836-b56975acbec1','1'), ('a2a130ef-e9d8-4dc9-a0d6-aa5e8649a2f8','3b663d34-8caf-4118-95ff-163142ead529','58e0e949-5010-4929-8961-5945b5a35960'), ('a2b7c9e3-6b45-4b5d-84cf-14e9b776729c','252087d9-c101-44dc-9943-5a275e646bdd','f632f431-9637-44c7-9105-c5824c086b18'), ('a2f52ad3-ce35-40a8-ab24-a78ba19e2d1c','9ef940de-e3e9-4213-8afd-073f94119e7a','5da91f55-b9fb-469d-a98d-bdeef17b813c'), ('a49d96e7-4b6f-40b8-882e-2a5cef9d68fd','0dd1b5b9-3ae2-4dbe-998e-6bb1b2b0eeed','e8e82a1c-37ce-4b0a-999f-34e9c1f4b31d'), ('a5edabcd-9c19-46f0-9d2b-7588d3e392a7','b46b68ef-7f21-4b38-a16f-15e22d31e72f','58e0e949-5010-4929-8961-5945b5a35960'), ('a665b5df-04bd-4c47-8769-2380ebf8516e','49ceb1c0-78cb-4137-8be8-023f91260f17','5c758bb3-87b2-4f5e-93b8-412e42288bff'), ('a671079e-4562-4ad5-8a1e-6e9fc55be4ca','9ef940de-e3e9-4213-8afd-073f94119e7a','58e0e949-5010-4929-8961-5945b5a35960'), ('a75f5e13-91d4-4d6f-b48a-f8fb4e0013b1','0dd1b5b9-3ae2-4dbe-998e-6bb1b2b0eeed','9d6471b4-2f67-4a02-be9c-290eacb9617b'), ('a81f5b45-6ef4-42a5-979a-247eb7de1320','5fa32f1b-116e-4e18-af01-cc494d52ae8b','e8e82a1c-37ce-4b0a-999f-34e9c1f4b31d'), ('a847c7a7-d00a-4cdc-877f-2d6fcc0a2924','38403cb9-8fe2-4daa-8acc-2091f67a4794','e8e82a1c-37ce-4b0a-999f-34e9c1f4b31d'), ('a8983f06-7379-4455-ad2f-36ec9539cd2e','955048f9-1d98-43d5-8c50-28a825d6f079','a6b6cf7d-c153-406e-b8d4-1ea5b8e29152'), ('a8bf260d-581c-40a6-a736-1d24887069f8','433577db-e772-485c-87b8-db171533d8e5','5da91f55-b9fb-469d-a98d-bdeef17b813c'), ('a92316aa-f128-4878-ac93-8b37044ea1d4','bce5be65-58c0-416e-b96a-c35de480a33b','e42c07c4-0663-4092-a71b-200ae9314940'), ('a98f13f2-4fa4-494b-a68f-338ae0bd3dd6','592163cc-6836-42d4-b41d-ca824aeef106','e8e82a1c-37ce-4b0a-999f-34e9c1f4b31d'), ('aa6ac230-f946-48ac-b4c2-b254ccd52554','991859cf-48c8-462d-8bc1-619413044e0c','e42c07c4-0663-4092-a71b-200ae9314940'), ('aa85380e-13a0-4a9d-80c6-87ae2ea3c75c','3b663d34-8caf-4118-95ff-163142ead529','e8e82a1c-37ce-4b0a-999f-34e9c1f4b31d'), ('acabf0cf-986e-4ed2-9d39-7508931ccc24','0d505c77-2348-4077-93c8-498585a1c1ac','1'), ('ad6ed7d7-0599-41a1-bc12-51879f5db0b5','5c93b40f-dc40-43ea-b2bd-9de0ca72c04c','5c758bb3-87b2-4f5e-93b8-412e42288bff'), ('ad8b3593-07ce-4b26-98f6-c3bc323c3df9','680de13d-409b-41a0-a29e-95291eac25dd','e8e82a1c-37ce-4b0a-999f-34e9c1f4b31d'), ('ada25f86-5952-4968-aa4e-1550e71be5ca','0c64ca15-0713-4a4e-98c2-e5303fc45c20','f632f431-9637-44c7-9105-c5824c086b18'), ('aeb39d94-feb6-4bd4-978a-d021cfd1974b','2e0cb290-0fd8-4c1b-a4a7-74eea1fab7d4','1'), ('aed04697-94f3-4bde-8abe-c6d0461be95f','991859cf-48c8-462d-8bc1-619413044e0c','f632f431-9637-44c7-9105-c5824c086b18'), ('afd304c2-95b9-4156-99c9-8c87e84df85d','5fa32f1b-116e-4e18-af01-cc494d52ae8b','ec103493-0ad5-4626-b455-65c7e62ab4a4'), ('b02f290a-1eca-4a2f-a41d-4f777356471d','ba09cfb1-0b89-4462-b874-b491ba944f0f','58e0e949-5010-4929-8961-5945b5a35960'), ('b127c952-bf08-4e91-9fcc-acdf119e7c2f','680de13d-409b-41a0-a29e-95291eac25dd','5da91f55-b9fb-469d-a98d-bdeef17b813c'), ('b1489f99-c097-40b5-ab7f-fe15a9128c91','46877307-f33c-4325-9e57-b0aacc4dac6c','1'), ('b19dfe0d-d823-4f73-a9e4-7e9a6ce60af7','991859cf-48c8-462d-8bc1-619413044e0c','e8e82a1c-37ce-4b0a-999f-34e9c1f4b31d'), ('b2bdf4a1-c1de-4b18-a17f-5e2552868340','e7dc4c58-8d04-4de6-97fa-6655706aaad6','5da91f55-b9fb-469d-a98d-bdeef17b813c'), ('b42949ad-55ec-4deb-9d0b-a6a210f24c88','3b663d34-8caf-4118-95ff-163142ead529','e42c07c4-0663-4092-a71b-200ae9314940'), ('b4d193f5-0c9b-4981-bc32-471ca7fe4dd5','58a68c31-7894-4e43-b576-b839e3f7aaa3','36767c3e-1d78-47f5-8eaa-ede0c885cd8d'), ('b4f176a1-97fe-4b56-89c0-dae5946c5c71','36c63743-b977-4215-a836-b56975acbec1','48990dc2-019b-4c8e-882f-b90a520c7ab9'), ('b5564077-b6be-417d-91ac-e194f583fdf1','0d505c77-2348-4077-93c8-498585a1c1ac','36767c3e-1d78-47f5-8eaa-ede0c885cd8d'), ('b58cfe0c-ded8-4c5f-a7de-6d542eee7443','3b663d34-8caf-4118-95ff-163142ead529','ec103493-0ad5-4626-b455-65c7e62ab4a4'), ('b5b55745-b8d9-4437-abbe-5247b4a6e84f','ba09cfb1-0b89-4462-b874-b491ba944f0f','f632f431-9637-44c7-9105-c5824c086b18'), ('b68b58af-edf5-45d7-8f62-7415668b4f52','4c482d6c-1bc9-4a1e-a58a-c88095e58717','e8e82a1c-37ce-4b0a-999f-34e9c1f4b31d'), ('b89476e3-6076-4392-ad83-e3e96b8f0418','433577db-e772-485c-87b8-db171533d8e5','e42c07c4-0663-4092-a71b-200ae9314940'), ('ba33fb42-a557-4594-b004-946dea77b0d5','3b663d34-8caf-4118-95ff-163142ead529','5da91f55-b9fb-469d-a98d-bdeef17b813c'), ('bb769fcd-8b0e-41a6-bb52-efcbc8f07219','a150733c-685f-45ba-8bec-d619d6142474','36767c3e-1d78-47f5-8eaa-ede0c885cd8d'), ('bc5ab3db-73aa-4911-b554-24166d2fc655','b28fec3b-35c1-465c-8659-6b9d126adbea','ec103493-0ad5-4626-b455-65c7e62ab4a4'), ('bcce14d7-3574-4f8f-b479-c2e7a69e5992','877d84b4-4ba6-490d-bd3b-f758081d69fc','ec103493-0ad5-4626-b455-65c7e62ab4a4'), ('bfaa4e27-6a62-41f1-a27a-7ca6e9e7db7f','776184b9-bad2-4cc1-8f44-a20d3ce5c71f','5da91f55-b9fb-469d-a98d-bdeef17b813c'), ('bffbf95e-249b-4f5e-acdd-92a25da33b70','bce5be65-58c0-416e-b96a-c35de480a33b','58e0e949-5010-4929-8961-5945b5a35960'), ('c19f2ae9-d193-4fa0-b6c7-cee675aa0c1b','0c64ca15-0713-4a4e-98c2-e5303fc45c20','36767c3e-1d78-47f5-8eaa-ede0c885cd8d'), ('c236dd90-9220-48cb-a429-35e9e2e427ef','0d505c77-2348-4077-93c8-498585a1c1ac','e8e82a1c-37ce-4b0a-999f-34e9c1f4b31d'), ('c2aeeae4-aaa6-49e6-a587-e09c0af6b709','38403cb9-8fe2-4daa-8acc-2091f67a4794','ec103493-0ad5-4626-b455-65c7e62ab4a4'), ('c3c8eed8-5f68-4587-9861-b746983c4f06','f1101e76-ad00-46f0-806f-51679eea6f10','36767c3e-1d78-47f5-8eaa-ede0c885cd8d'), ('c4011b92-6929-4776-9fa2-eab3bcdd0850','ebd1852d-96dd-462f-b62f-a5b9a772c452','e42c07c4-0663-4092-a71b-200ae9314940'), ('c4bd52fb-e2a4-4bf5-b1f9-8af659e15917','ebd1852d-96dd-462f-b62f-a5b9a772c452','f632f431-9637-44c7-9105-c5824c086b18'), ('c6ff6896-9e20-4e03-8166-c92c084b2a33','38403cb9-8fe2-4daa-8acc-2091f67a4794','a6b6cf7d-c153-406e-b8d4-1ea5b8e29152'), ('c89c5127-1ece-48b8-b093-3414a9405c8a','65756748-daf3-4f68-895e-cb21578d6e10','ec103493-0ad5-4626-b455-65c7e62ab4a4'), ('c9476042-44c5-41dd-8b4b-6575936b667b','400e8a3b-733c-41ce-838f-416ba0876159','1'), ('cc4ebb52-c9ef-4635-ae9a-b965f281b4e7','33a920c3-6926-4fe8-bd44-888ba419f667','1'), ('cc807bb9-65a4-4960-8a0d-68884e8bf099','991859cf-48c8-462d-8bc1-619413044e0c','5da91f55-b9fb-469d-a98d-bdeef17b813c'), ('ce6d8b29-36d1-4b87-9075-212ecfc2de6f','0d505c77-2348-4077-93c8-498585a1c1ac','7efe8c91-f269-4761-b1ee-ce29c9a8c3d1'), ('ce9b4a57-478d-4c61-a3c7-b2ad4d6ebc75','0d505c77-2348-4077-93c8-498585a1c1ac','58e0e949-5010-4929-8961-5945b5a35960'), ('cefcd915-bb6d-4132-9b70-77e413f05bd4','d50ff2e5-c2be-4540-ba09-3ab5827de560','58e0e949-5010-4929-8961-5945b5a35960'), ('cf5de4a7-ae94-4ea4-bc32-0e897b0f33bb','49ceb1c0-78cb-4137-8be8-023f91260f17','e42c07c4-0663-4092-a71b-200ae9314940'), ('d1373720-4903-4891-bcc7-4ef7c54cf121','2011db4e-5dbb-4f6a-9062-80a13bc8d906','7efe8c91-f269-4761-b1ee-ce29c9a8c3d1');
INSERT INTO `sinoicity_funcrole` VALUES ('d17baf37-16c6-49cc-a638-655d46b3d14f','5c93b40f-dc40-43ea-b2bd-9de0ca72c04c','a6b6cf7d-c153-406e-b8d4-1ea5b8e29152'), ('d30c81ca-2be6-47f3-81ff-114ab13d24ba','58a68c31-7894-4e43-b576-b839e3f7aaa3','e42c07c4-0663-4092-a71b-200ae9314940'), ('d31a37b8-8f17-4efc-99cd-df08d512a2aa','5fa32f1b-116e-4e18-af01-cc494d52ae8b','f632f431-9637-44c7-9105-c5824c086b18'), ('d33ebcd8-aef5-42df-8741-6867a8abe294','693a6579-685b-4ca8-b5b4-356d356d6b65','36767c3e-1d78-47f5-8eaa-ede0c885cd8d'), ('d34a5a89-d4b5-4237-aed5-d6c2dfbec4c2','ed582647-db0f-458d-9a8b-6bd0c7864828','5da91f55-b9fb-469d-a98d-bdeef17b813c'), ('d46a6363-90b8-48b8-baea-0ee86834d63f','f934eef9-451e-40e3-8212-2924dd9257c9','e8e82a1c-37ce-4b0a-999f-34e9c1f4b31d'), ('d46ccc04-c00b-4d8c-9e7c-c6150daea5db','b46b68ef-7f21-4b38-a16f-15e22d31e72f','f632f431-9637-44c7-9105-c5824c086b18'), ('d5f372be-2bd0-4038-aa04-1d1640e3f67c','693a6579-685b-4ca8-b5b4-356d356d6b65','f632f431-9637-44c7-9105-c5824c086b18'), ('d604a63f-bca4-4709-8d6d-f92baf9c00ae','dc5626ef-1442-4fb3-8717-85f2b028ab88','5da91f55-b9fb-469d-a98d-bdeef17b813c'), ('d6c95c5f-22ae-4e75-9aa0-88e92ad92f2e','a150733c-685f-45ba-8bec-d619d6142474','e42c07c4-0663-4092-a71b-200ae9314940'), ('d72eb70a-ea33-4c42-abe0-ce3ae74d789b','370667f7-f8f2-4b85-8ef7-391dc6d5dc48','a6b6cf7d-c153-406e-b8d4-1ea5b8e29152'), ('d92dba6c-7fcf-4abd-98aa-bb08ce8f4dda','1c1b0c17-af00-4f0f-9273-288e71c8214a','7efe8c91-f269-4761-b1ee-ce29c9a8c3d1'), ('d95dcee2-0476-47f4-ad1e-cee99e71f02b','8208d3e7-417d-413b-8548-c3d0e5c71cac','1'), ('d9a166fd-5049-4002-aa27-abeec3499c51','5c93b40f-dc40-43ea-b2bd-9de0ca72c04c','e8e82a1c-37ce-4b0a-999f-34e9c1f4b31d'), ('da0a5ea7-a1a4-4b1b-8f33-95d339086663','b28fec3b-35c1-465c-8659-6b9d126adbea','a6b6cf7d-c153-406e-b8d4-1ea5b8e29152'), ('dcf3bbf6-6842-4ee1-92b1-e81deae7d13a','9ef940de-e3e9-4213-8afd-073f94119e7a','36767c3e-1d78-47f5-8eaa-ede0c885cd8d'), ('dd653eef-ce40-4cb2-aa4a-ee13ae1426ca','f934eef9-451e-40e3-8212-2924dd9257c9','36767c3e-1d78-47f5-8eaa-ede0c885cd8d'), ('de3021ae-0a58-4f2b-a8ea-fb3e980e77ad','38403cb9-8fe2-4daa-8acc-2091f67a4794','1'), ('e01cf459-d9f1-4ae7-aae4-b01a85154543','877d84b4-4ba6-490d-bd3b-f758081d69fc','58e0e949-5010-4929-8961-5945b5a35960'), ('e03bfb1c-8700-43fc-8da6-f8a778f0519c','370667f7-f8f2-4b85-8ef7-391dc6d5dc48','f632f431-9637-44c7-9105-c5824c086b18'), ('e0705ee7-9e36-4257-ab43-5b764e67fa6e','49ceb1c0-78cb-4137-8be8-023f91260f17','58e0e949-5010-4929-8961-5945b5a35960'), ('e08a679d-9cd8-42e9-9184-5cff1011ef17','dc5626ef-1442-4fb3-8717-85f2b028ab88','e8e82a1c-37ce-4b0a-999f-34e9c1f4b31d'), ('e0a44d22-91fb-4ee6-90d4-a635ab9c21b2','f1101e76-ad00-46f0-806f-51679eea6f10','58e0e949-5010-4929-8961-5945b5a35960'), ('e119d244-206e-4dcd-b744-30f9035f5d2e','b46b68ef-7f21-4b38-a16f-15e22d31e72f','e42c07c4-0663-4092-a71b-200ae9314940'), ('e13a970c-c782-4d8f-8454-3e91fec22efa','ebd1852d-96dd-462f-b62f-a5b9a772c452','36767c3e-1d78-47f5-8eaa-ede0c885cd8d'), ('e1483893-cca9-4aed-aa83-51930f36e19a','d50ff2e5-c2be-4540-ba09-3ab5827de560','e8e82a1c-37ce-4b0a-999f-34e9c1f4b31d'), ('e16ffb7f-dae4-473a-b8e4-bb44018d033a','955048f9-1d98-43d5-8c50-28a825d6f079','e8e82a1c-37ce-4b0a-999f-34e9c1f4b31d'), ('e1d8348d-eda3-408d-9c3f-fe2cecfdc727','433577db-e772-485c-87b8-db171533d8e5','a6b6cf7d-c153-406e-b8d4-1ea5b8e29152'), ('e24f53ce-0b61-44f4-8078-e50a8181f8a7','5fa32f1b-116e-4e18-af01-cc494d52ae8b','a6b6cf7d-c153-406e-b8d4-1ea5b8e29152'), ('e3477eab-0044-4b8e-a81c-664a341dc8f5','776184b9-bad2-4cc1-8f44-a20d3ce5c71f','f632f431-9637-44c7-9105-c5824c086b18'), ('e3772423-bb34-4c99-a870-0243024030ec','f1101e76-ad00-46f0-806f-51679eea6f10','ec103493-0ad5-4626-b455-65c7e62ab4a4'), ('e3a0f5b7-a417-4d28-b4e2-126277bf9593','dc5626ef-1442-4fb3-8717-85f2b028ab88','e42c07c4-0663-4092-a71b-200ae9314940'), ('e3b6db29-363d-4ed9-9ffb-8e5f1e3866dd','776184b9-bad2-4cc1-8f44-a20d3ce5c71f','1'), ('e3c1013a-e4e7-4727-8da5-8d41f8504e0c','0dd1b5b9-3ae2-4dbe-998e-6bb1b2b0eeed','a6b6cf7d-c153-406e-b8d4-1ea5b8e29152'), ('e400c107-b760-4a73-80c0-aec20f360054','d50ff2e5-c2be-4540-ba09-3ab5827de560','9d6471b4-2f67-4a02-be9c-290eacb9617b'), ('e4089a85-66dc-4193-b5d2-0a9d2904f985','252087d9-c101-44dc-9943-5a275e646bdd','36767c3e-1d78-47f5-8eaa-ede0c885cd8d'), ('e43887db-884b-427c-b41f-10a01ccd5898','dc5626ef-1442-4fb3-8717-85f2b028ab88','58e0e949-5010-4929-8961-5945b5a35960'), ('e4e80ab4-ea99-4593-93b9-0ddedf46d935','49ceb1c0-78cb-4137-8be8-023f91260f17','e8e82a1c-37ce-4b0a-999f-34e9c1f4b31d'), ('e4fbf724-ac46-47b0-a647-1e6fbd11f7b0','955048f9-1d98-43d5-8c50-28a825d6f079','5da91f55-b9fb-469d-a98d-bdeef17b813c'), ('e5cb92ca-ba6d-4454-98f6-d0ecce59e07f','0d505c77-2348-4077-93c8-498585a1c1ac','f632f431-9637-44c7-9105-c5824c086b18'), ('e7c799b3-fd4e-4e5c-b410-41b8fe9ff798','9ef940de-e3e9-4213-8afd-073f94119e7a','ec103493-0ad5-4626-b455-65c7e62ab4a4'), ('e8148eb7-67a6-40f9-96d5-7c6285f955fb','ba09cfb1-0b89-4462-b874-b491ba944f0f','36767c3e-1d78-47f5-8eaa-ede0c885cd8d'), ('e94d23c9-c9c7-44bc-92f6-1501444858a8','2011db4e-5dbb-4f6a-9062-80a13bc8d906','1'), ('ea45f18a-2dfe-496f-ba52-f0421ee5cfe2','65dbee7b-2c5a-46e3-82fc-7b93c9439871','a6b6cf7d-c153-406e-b8d4-1ea5b8e29152'), ('eb6a9bef-4d8a-40ef-8019-7e482befddb0','592163cc-6836-42d4-b41d-ca824aeef106','58e0e949-5010-4929-8961-5945b5a35960'), ('ec14e652-e9e4-4998-9b4a-88f30f5fa12a','34e02b8e-2206-491a-818d-46cbaed13d84','1'), ('ede2541f-b379-48df-9382-8690ef54218f','49ceb1c0-78cb-4137-8be8-023f91260f17','36767c3e-1d78-47f5-8eaa-ede0c885cd8d'), ('edfaf0c7-3ba8-4c92-a35a-5eacb296d72b','f934eef9-451e-40e3-8212-2924dd9257c9','a6b6cf7d-c153-406e-b8d4-1ea5b8e29152'), ('eecdc793-e3b0-4856-9262-392518295faa','5fa32f1b-116e-4e18-af01-cc494d52ae8b','e42c07c4-0663-4092-a71b-200ae9314940'), ('eefec922-e57a-48e1-8c05-eb36549bf129','5c93b40f-dc40-43ea-b2bd-9de0ca72c04c','f632f431-9637-44c7-9105-c5824c086b18'), ('efafa32d-9a91-4ffd-bb47-9520ef9b1b4b','680de13d-409b-41a0-a29e-95291eac25dd','36767c3e-1d78-47f5-8eaa-ede0c885cd8d'), ('f00a16e2-06af-4f01-a5b6-3009722c2aa1','433577db-e772-485c-87b8-db171533d8e5','5c758bb3-87b2-4f5e-93b8-412e42288bff'), ('f0ad840e-c0f1-465e-8ffe-ad834cbfb463','0dd1b5b9-3ae2-4dbe-998e-6bb1b2b0eeed','ec103493-0ad5-4626-b455-65c7e62ab4a4'), ('f10840db-9107-4f86-ab38-e2a05d2fdc81','f934eef9-451e-40e3-8212-2924dd9257c9','5da91f55-b9fb-469d-a98d-bdeef17b813c'), ('f1f8fea4-3389-44b6-a20c-d06a22d43127','ba09cfb1-0b89-4462-b874-b491ba944f0f','e42c07c4-0663-4092-a71b-200ae9314940'), ('f366ee3d-c966-4f50-8fc3-cef2324c8899','877d84b4-4ba6-490d-bd3b-f758081d69fc','1'), ('f37893dd-1eed-497d-baa1-99b1a43a16bb','bce5be65-58c0-416e-b96a-c35de480a33b','ec103493-0ad5-4626-b455-65c7e62ab4a4'), ('f37d84df-4277-4c93-a6d7-a0b2d986668a','46877307-f33c-4325-9e57-b0aacc4dac6c','7efe8c91-f269-4761-b1ee-ce29c9a8c3d1'), ('f3d4ee98-3b3b-4986-8be8-154ad519cf4e','693a6579-685b-4ca8-b5b4-356d356d6b65','ec103493-0ad5-4626-b455-65c7e62ab4a4'), ('f62ac1a1-eb0d-4f60-94d4-34973feb5f17','65dbee7b-2c5a-46e3-82fc-7b93c9439871','e8e82a1c-37ce-4b0a-999f-34e9c1f4b31d'), ('f62b7591-8c3f-4ffa-a7b8-0405d4abebc8','4c482d6c-1bc9-4a1e-a58a-c88095e58717','9d6471b4-2f67-4a02-be9c-290eacb9617b'), ('f694c22f-c499-443b-94ac-168b7099148c','5c93b40f-dc40-43ea-b2bd-9de0ca72c04c','e42c07c4-0663-4092-a71b-200ae9314940'), ('f7a77b99-4c6f-40d9-96d7-df3a359b3253','776184b9-bad2-4cc1-8f44-a20d3ce5c71f','ec103493-0ad5-4626-b455-65c7e62ab4a4'), ('f8ffa1a4-379b-47a5-a626-b3d921fcd1e4','0d00808e-9d4d-4ebf-84de-0fc79897284a','48990dc2-019b-4c8e-882f-b90a520c7ab9'), ('f940c8c2-bbda-4943-89ba-3aaa5307f00f','592163cc-6836-42d4-b41d-ca824aeef106','36767c3e-1d78-47f5-8eaa-ede0c885cd8d'), ('fa44c886-e13a-4b25-8840-f8ed652baba1','65dbee7b-2c5a-46e3-82fc-7b93c9439871','58e0e949-5010-4929-8961-5945b5a35960'), ('fabd5abc-c6aa-41b3-aaf0-67eff5402ac0','693a6579-685b-4ca8-b5b4-356d356d6b65','58e0e949-5010-4929-8961-5945b5a35960'), ('fb0f5167-9f8b-41ef-90bb-468ce98d6c5f','a150733c-685f-45ba-8bec-d619d6142474','e8e82a1c-37ce-4b0a-999f-34e9c1f4b31d'), ('fbea34dd-30b4-43cd-8f5d-5728bed79314','49ceb1c0-78cb-4137-8be8-023f91260f17','ec103493-0ad5-4626-b455-65c7e62ab4a4'), ('ffa72143-99e5-474c-8499-63bf6a6ee1a4','f934eef9-451e-40e3-8212-2924dd9257c9','ec103493-0ad5-4626-b455-65c7e62ab4a4'), ('ffaff162-60d3-4eea-b24b-7446e9cc1a0d','252087d9-c101-44dc-9943-5a275e646bdd','5da91f55-b9fb-469d-a98d-bdeef17b813c'), ('ffd332cc-01d8-4816-b091-b4fa6e7fad91','d2d87472-5193-4af1-b858-3dedab847587','1');
INSERT INTO `sinoicity_function` VALUES ('0d505c77-2348-4077-93c8-498585a1c1ac','用户管理',NULL,'46877307-f33c-4325-9e57-b0aacc4dac6c','user/userlist.do',NULL), ('1','菜单管理',NULL,'46877307-f33c-4325-9e57-b0aacc4dac6c','func/funclist.do',NULL), ('1c1b0c17-af00-4f0f-9273-288e71c8214a','角色管理',NULL,'46877307-f33c-4325-9e57-b0aacc4dac6c','role/rolelist.do',NULL), ('2011db4e-5dbb-4f6a-9062-80a13bc8d906','部门管理',NULL,'46877307-f33c-4325-9e57-b0aacc4dac6c','dept/deptlist.do',NULL), ('46877307-f33c-4325-9e57-b0aacc4dac6c','系统管理',NULL,'0','','4');
INSERT INTO `sinoicity_role` VALUES ('36767c3e-1d78-47f5-8eaa-ede0c885cd8d','55','55','super'), ('48990dc2-019b-4c8e-882f-b90a520c7ab9','一般用户','拥有部分权限',NULL), ('58e0e949-5010-4929-8961-5945b5a35960','2','2','super'), ('5c758bb3-87b2-4f5e-93b8-412e42288bff','医院机构管理员','只对管理管理员的所属医院有管理权限','super'), ('5da91f55-b9fb-469d-a98d-bdeef17b813c','7','7','super'), ('7efe8c91-f269-4761-b1ee-ce29c9a8c3d1','superadmin','123','super'), ('9d6471b4-2f67-4a02-be9c-290eacb9617b','客服','客服权限','2'), ('a6b6cf7d-c153-406e-b8d4-1ea5b8e29152','6','6','super'), ('e42c07c4-0663-4092-a71b-200ae9314940','1','1','super'), ('e8e82a1c-37ce-4b0a-999f-34e9c1f4b31d','4','4','super'), ('ec103493-0ad5-4626-b455-65c7e62ab4a4','3','3','super'), ('f632f431-9637-44c7-9105-c5824c086b18','5','5','super');
INSERT INTO `sinoicity_user` VALUES ('102a3c9b-a362-4e51-938d-efc8886403df','linll','$1$hDhw6fVC$juAmusRMeX.Cuyj6Cr9Zk/','林玲玲','女','北京海淀','48990dc2-019b-4c8e-882f-b90a520c7ab9','在中晋工作','dc43f0d9-00be-457d-a24d-9e48fc47e7b5','5045','1','',NULL,'0',NULL,NULL), ('317bdac5-bc51-40e9-895d-637e300b1c2b','jiansan','$1$2JGCqhYe$kOsO66Epz5jqgQrYXJotg0','白骨哀','女','纯阳-坐忘峰','5c758bb3-87b2-4f5e-93b8-412e42288bff','再把酒凭祭，一醉问天地，黄泉远，孤魂又何依','03d850bc-34cb-48d0-be4e-a14b97ce3cc2','007','1',NULL,NULL,'319',NULL,NULL), ('41ae9196-535e-4904-9cb2-38146e41753b','ceshi','$1$BmPqZcbO$W22YQmSImAqLhMVjsl31./','测试环信','男','123129i','9d6471b4-2f67-4a02-be9c-290eacb9617b','大量的积分卡','dc43f0d9-00be-457d-a24d-9e48fc47e7b5','231','1',NULL,NULL,NULL,'s41ae9196-535e-4904-9cb2-38146e41753b','$1$BmPqZcbO$W22YQmSImAqLhMVjsl31./'), ('44aac478-919e-4258-83e7-c914acc9bda6','jianwang','$1$ySnqBjIK$bgHAE23VYkD6vauTvJqrI/','霍颀月','男','云梦泽','5c758bb3-87b2-4f5e-93b8-412e42288bff','老师讲的富家大室','03d850bc-34cb-48d0-be4e-a14b97ce3cc2','098','1',NULL,NULL,'333',NULL,NULL), ('86f9f496-614c-4e41-97d4-10b462eb0428','laixuservice','$1$SLuZBr2c$E0yRwF.uN4/sYCxX1ATAE0','laixu','nan','n','9d6471b4-2f67-4a02-be9c-290eacb9617b','客服测试','dc43f0d9-00be-457d-a24d-9e48fc47e7b5','2017','1',NULL,NULL,NULL,'s86f9f496-614c-4e41-97d4-10b462eb0428','$1$SLuZBr2c$E0yRwF.uN4/sYCxX1ATAE0'), ('9c9cfea2-6141-4524-8ce6-2e9f9d1ca3e3','kefu1','$1$YQeVpCYG$XNTNV2u8KzWm7WwiLF8A10','333','女','北京','9d6471b4-2f67-4a02-be9c-290eacb9617b','客服一','03d850bc-34cb-48d0-be4e-a14b97ce3cc2','1045','1','',NULL,'0',NULL,NULL), ('ac6ccb17-0f8e-44a2-bc68-04fadd39421e','zjservice','$1$yRtXQkSA$3PIHjTcZOHosHLhtd12I00','中晋客服','男','北京','9d6471b4-2f67-4a02-be9c-290eacb9617b','中晋客服','dc43f0d9-00be-457d-a24d-9e48fc47e7b5','009','1',NULL,NULL,NULL,'servicerlai','123'), ('b6ef0bea-df2a-4ba7-bb13-5307e553dddf','yuanyuan','$1$RHPox.8P$b3RCZAw.ol1JVTuhVSf8B1','陌上花开','女','北京','48990dc2-019b-4c8e-882f-b90a520c7ab9','新人旧酒，何忍红烛光冷透，可盼我归来，魂兮徘徊贺携手','1','','1','',NULL,'0',NULL,NULL), ('d95dbda3-5fd5-43a2-8f12-050c9c4640c0','laixu','$1$GAjcpuAn$Mr1hajJAKCvSl2OhulRvY/','赖旭','男','中晋','9d6471b4-2f67-4a02-be9c-290eacb9617b','角色测试','03d850bc-34cb-48d0-be4e-a14b97ce3cc2','2015','1',NULL,NULL,'333','',NULL), ('f9eef08f-830c-44c0-833a-90060663be85','admin','$1$vZcxsXDq$Zmf3aliEnzaUOEEaMh0.w0','超级管理员','男','北京','7efe8c91-f269-4761-b1ee-ce29c9a8c3d1','拥有一切权限','03d850bc-34cb-48d0-be4e-a14b97ce3cc2','1001','1','',NULL,'0',NULL,NULL);
